{
  "packageID": "pv_savas",
  "name": "pv_savas",
  "label": "Savas",
  "description": "A release system",
  "author": "tyurderi",
  "website": "https://www.yurderi.de",
  "email": "tyurderi@yahoo.de",
  "version": "1.0.5",
  
  "changelog": {
    "1.0.0": [
      "Initial release with basic functionality"
    ],
    "1.0.2": [
      "Fix typo in plugin description",
      "Fix validator app.unique.label",
      "Fix file/list query"
    ],
    "1.0.3": [
      "Fix orderBy in api/updates"
    ],
    "1.0.4": [
      "Add filename when downloading file directly",
      "Port pv_savas to ProVallo 4.0"
    ],
    "1.0.5": [
      "Check for api"
    ]
  },
  "package": {
    "channel": "stable",
    "platform": "provallo-plugin"
  }
}